question_id,concept,difficulty
Q001,INNER JOIN,0.589
Q002,NORMALIZATION,0.72
Q003,INNER JOIN,0.484
Q004,AGGREGATE FUNCTIONS,0.438
Q005,GROUP BY,0.393
Q006,ORDER BY,0.205
Q007,WHERE,0.38
Q008,JOINS,0.4
Q009,SELECT,0.226
Q010,UNION,0.357
Q011,SUBQUERIES,0.564
Q012,INDEXING,0.52
Q013,NORMALIZATION,0.686
Q014,UNION,0.504
Q015,ORDER BY,0.415
Q016,INNER JOIN,0.401
Q017,INNER JOIN,0.354
Q018,FOREIGN KEY,0.452
Q019,RIGHT JOIN,0.455
Q020,WHERE,0.371
Q021,NORMALIZATION,0.705
Q022,UNION,0.499
Q023,NORMALIZATION,0.552
Q024,VIEWS,0.478
Q025,LEFT JOIN,0.627
Q026,JOINS,0.462
Q027,GROUP BY,0.405
Q028,STORED PROCEDURES,0.783
Q029,WHERE,0.299
Q030,GROUP BY,0.529
Q031,INDEXING,0.548
Q032,FOREIGN KEY,0.299
Q033,LEFT JOIN,0.653
Q034,PRIMARY KEY,0.268
Q035,PRIMARY KEY,0.235
Q036,NORMALIZATION,0.55
Q037,INNER JOIN,0.477
Q038,SELECT,0.2
Q039,AGGREGATE FUNCTIONS,0.36
Q040,LEFT JOIN,0.619
Q041,SELECT,0.301
Q042,SUBQUERIES,0.658
Q043,RIGHT JOIN,0.724
Q044,RIGHT JOIN,0.637
Q045,WHERE,0.224
Q046,HAVING,0.619
Q047,LEFT JOIN,0.482
Q048,ORDER BY,0.318
Q049,HAVING,0.692
Q050,ORDER BY,0.39
Q051,FOREIGN KEY,0.373
Q052,RIGHT JOIN,0.663
Q053,SUBQUERIES,0.682
Q054,TRIGGERS,0.559
Q055,INNER JOIN,0.493
Q056,GROUP BY,0.622
Q057,INNER JOIN,0.473
Q058,AGGREGATE FUNCTIONS,0.361
Q059,PRIMARY KEY,0.219
Q060,TRIGGERS,0.598
Q061,WHERE,0.356
Q062,JOINS,0.537
Q063,UNION,0.406
Q064,AGGREGATE FUNCTIONS,0.397
Q065,INNER JOIN,0.622
Q066,SELECT,0.207
Q067,TRANSACTIONS,0.606
Q068,ORDER BY,0.202
Q069,LEFT JOIN,0.56
Q070,HAVING,0.608
Q071,SUBQUERIES,0.651
Q072,NORMALIZATION,0.55
Q073,RIGHT JOIN,0.571
Q074,VIEWS,0.476
Q075,UNION,0.426
Q076,WHERE,0.378
Q077,HAVING,0.485
Q078,VIEWS,0.48
Q079,WHERE,0.326
Q080,HAVING,0.504
Q081,SELECT,0.21
Q082,WHERE,0.333
Q083,JOINS,0.473
Q084,GROUP BY,0.374
Q085,VIEWS,0.618
Q086,HAVING,0.59
Q087,JOINS,0.52
Q088,INDEXING,0.69
Q089,RIGHT JOIN,0.546
Q090,JOINS,0.609
Q091,ORDER BY,0.348
Q092,GROUP BY,0.355
Q093,ORDER BY,0.402
Q094,TRANSACTIONS,0.694
Q095,TRANSACTIONS,0.782
Q096,LEFT JOIN,0.516
Q097,STORED PROCEDURES,0.801
Q098,AGGREGATE FUNCTIONS,0.402
Q099,STORED PROCEDURES,0.827
Q100,SUBQUERIES,0.627
Q101,INDEXING,0.695
Q102,TRANSACTIONS,0.659
Q103,WHERE,0.449
Q104,UNION,0.517
Q105,RIGHT JOIN,0.534
Q106,TRIGGERS,0.768
Q107,ORDER BY,0.414
Q108,SELECT,0.311
Q109,AGGREGATE FUNCTIONS,0.581
Q110,GROUP BY,0.62
Q111,TRANSACTIONS,0.674
Q112,INDEXING,0.48
Q113,ORDER BY,0.443
Q114,STORED PROCEDURES,0.598
Q115,STORED PROCEDURES,0.696
Q116,ORDER BY,0.363
Q117,RIGHT JOIN,0.503
Q118,GROUP BY,0.421
Q119,INDEXING,0.674
Q120,LEFT JOIN,0.655
Q121,VIEWS,0.492
Q122,INDEXING,0.478
Q123,TRIGGERS,0.741
Q124,FOREIGN KEY,0.397
Q125,JOINS,0.518
Q126,LEFT JOIN,0.589
Q127,WHERE,0.288
Q128,SELECT,0.294
Q129,SELECT,0.199
Q130,INDEXING,0.534
Q131,ORDER BY,0.392
Q132,VIEWS,0.698
Q133,FOREIGN KEY,0.479
Q134,ORDER BY,0.387
Q135,HAVING,0.678
Q136,VIEWS,0.566
Q137,ORDER BY,0.445
Q138,TRANSACTIONS,0.588
Q139,SELECT,0.229
Q140,STORED PROCEDURES,0.717
Q141,ORDER BY,0.343
Q142,STORED PROCEDURES,0.735
Q143,WHERE,0.264
Q144,SUBQUERIES,0.813
Q145,VIEWS,0.655
Q146,RIGHT JOIN,0.661
Q147,INDEXING,0.616
Q148,SUBQUERIES,0.793
Q149,ORDER BY,0.264
Q150,PRIMARY KEY,0.22
Q151,INNER JOIN,0.5
Q152,PRIMARY KEY,0.249
Q153,LEFT JOIN,0.611
Q154,INDEXING,0.465
Q155,TRIGGERS,0.651
Q156,WHERE,0.223
Q157,TRIGGERS,0.69
Q158,VIEWS,0.411
Q159,JOINS,0.491
Q160,AGGREGATE FUNCTIONS,0.338
Q161,SELECT,0.357
Q162,UNION,0.64
Q163,INNER JOIN,0.376
Q164,PRIMARY KEY,0.249
Q165,NORMALIZATION,0.71
Q166,LEFT JOIN,0.618
Q167,PRIMARY KEY,0.442
Q168,SUBQUERIES,0.647
Q169,VIEWS,0.52
Q170,TRIGGERS,0.682
Q171,HAVING,0.455
Q172,RIGHT JOIN,0.657
Q173,SELECT,0.193
Q174,SELECT,0.261
Q175,INDEXING,0.505
Q176,PRIMARY KEY,0.27
Q177,INDEXING,0.605
Q178,HAVING,0.584
Q179,ORDER BY,0.262
Q180,INDEXING,0.498
Q181,FOREIGN KEY,0.273
Q182,NORMALIZATION,0.512
Q183,FOREIGN KEY,0.495
Q184,HAVING,0.542
Q185,INDEXING,0.692
Q186,GROUP BY,0.402
Q187,HAVING,0.52
Q188,SUBQUERIES,0.835
Q189,GROUP BY,0.364
Q190,SUBQUERIES,0.738
Q191,SELECT,0.285
Q192,PRIMARY KEY,0.241
Q193,INDEXING,0.643
Q194,VIEWS,0.66
Q195,TRANSACTIONS,0.673
Q196,STORED PROCEDURES,0.722
Q197,SELECT,0.265
Q198,TRIGGERS,0.796
Q199,UNION,0.466
Q200,SELECT,0.313
Q201,AGGREGATE FUNCTIONS,0.359
Q202,PRIMARY KEY,0.254
Q203,FOREIGN KEY,0.255
Q204,TRIGGERS,0.735
Q205,VIEWS,0.597
Q206,SUBQUERIES,0.557
Q207,WHERE,0.265
Q208,INNER JOIN,0.385
Q209,STORED PROCEDURES,0.739
Q210,GROUP BY,0.475
Q211,GROUP BY,0.403
Q212,RIGHT JOIN,0.621
Q213,ORDER BY,0.448
Q214,INDEXING,0.488
Q215,VIEWS,0.633
Q216,HAVING,0.472
Q217,PRIMARY KEY,0.385
Q218,ORDER BY,0.226
Q219,VIEWS,0.56
Q220,TRANSACTIONS,0.748
Q221,PRIMARY KEY,0.424
Q222,VIEWS,0.416
Q223,RIGHT JOIN,0.704
Q224,RIGHT JOIN,0.546
Q225,FOREIGN KEY,0.419
Q226,TRANSACTIONS,0.672
Q227,NORMALIZATION,0.525
Q228,HAVING,0.488
Q229,TRANSACTIONS,0.702
Q230,GROUP BY,0.634
Q231,INDEXING,0.687
Q232,PRIMARY KEY,0.433
Q233,INNER JOIN,0.649
Q234,HAVING,0.621
Q235,AGGREGATE FUNCTIONS,0.512
Q236,NORMALIZATION,0.543
Q237,SUBQUERIES,0.801
Q238,VIEWS,0.43
Q239,INNER JOIN,0.478
Q240,LEFT JOIN,0.422
Q241,STORED PROCEDURES,0.818
Q242,WHERE,0.22
Q243,HAVING,0.47
Q244,LEFT JOIN,0.512
Q245,SELECT,0.37
Q246,VIEWS,0.684
Q247,PRIMARY KEY,0.388
Q248,JOINS,0.612
Q249,TRIGGERS,0.783
Q250,INNER JOIN,0.477
Q251,TRIGGERS,0.583
Q252,ORDER BY,0.263
Q253,STORED PROCEDURES,0.691
Q254,TRANSACTIONS,0.536
Q255,RIGHT JOIN,0.673
Q256,ORDER BY,0.346
Q257,VIEWS,0.425
Q258,SELECT,0.206
Q259,JOINS,0.641
Q260,PRIMARY KEY,0.442
Q261,NORMALIZATION,0.767
Q262,AGGREGATE FUNCTIONS,0.576
Q263,GROUP BY,0.516
Q264,TRANSACTIONS,0.523
Q265,NORMALIZATION,0.689
Q266,FOREIGN KEY,0.324
Q267,SELECT,0.307
Q268,ORDER BY,0.425
Q269,AGGREGATE FUNCTIONS,0.384
Q270,INDEXING,0.717
Q271,UNION,0.382
Q272,LEFT JOIN,0.451
Q273,GROUP BY,0.489
Q274,STORED PROCEDURES,0.63
Q275,HAVING,0.692
Q276,VIEWS,0.484
Q277,TRANSACTIONS,0.681
Q278,INDEXING,0.499
Q279,FOREIGN KEY,0.269
Q280,JOINS,0.685
Q281,HAVING,0.584
Q282,WHERE,0.221
Q283,STORED PROCEDURES,0.715
Q284,HAVING,0.408
Q285,SELECT,0.344
Q286,STORED PROCEDURES,0.846
Q287,VIEWS,0.513
Q288,VIEWS,0.651
Q289,WHERE,0.209
Q290,SELECT,0.153
Q291,JOINS,0.608
Q292,HAVING,0.7
Q293,JOINS,0.674
Q294,HAVING,0.618
Q295,SUBQUERIES,0.805
Q296,VIEWS,0.472
Q297,RIGHT JOIN,0.489
Q298,TRIGGERS,0.632
Q299,GROUP BY,0.419
Q300,VIEWS,0.627
Q301,WHERE,0.29
Q302,LEFT JOIN,0.407
Q303,WHERE,0.319
Q304,ORDER BY,0.33
Q305,UNION,0.595
Q306,UNION,0.518
Q307,VIEWS,0.44
Q308,NORMALIZATION,0.626
Q309,HAVING,0.586
Q310,WHERE,0.401
Q311,INNER JOIN,0.391
Q312,WHERE,0.288
Q313,WHERE,0.359
Q314,NORMALIZATION,0.631
Q315,WHERE,0.287
Q316,JOINS,0.535
Q317,NORMALIZATION,0.619
Q318,SUBQUERIES,0.809
Q319,HAVING,0.639
Q320,SUBQUERIES,0.828
Q321,SUBQUERIES,0.781
Q322,TRANSACTIONS,0.638
Q323,WHERE,0.355
Q324,WHERE,0.282
Q325,AGGREGATE FUNCTIONS,0.474
Q326,AGGREGATE FUNCTIONS,0.323
Q327,INDEXING,0.496
Q328,INDEXING,0.642
Q329,LEFT JOIN,0.609
Q330,ORDER BY,0.419
Q331,STORED PROCEDURES,0.731
Q332,TRIGGERS,0.562
Q333,HAVING,0.504
Q334,SUBQUERIES,0.603
Q335,JOINS,0.436
Q336,RIGHT JOIN,0.557
Q337,FOREIGN KEY,0.341
Q338,FOREIGN KEY,0.333
Q339,RIGHT JOIN,0.478
Q340,NORMALIZATION,0.688
Q341,NORMALIZATION,0.653
Q342,AGGREGATE FUNCTIONS,0.576
Q343,VIEWS,0.483
Q344,SELECT,0.171
Q345,ORDER BY,0.246
Q346,NORMALIZATION,0.661
Q347,FOREIGN KEY,0.405
Q348,FOREIGN KEY,0.366
Q349,PRIMARY KEY,0.216
Q350,TRIGGERS,0.764
Q351,NORMALIZATION,0.753
Q352,AGGREGATE FUNCTIONS,0.46
Q353,PRIMARY KEY,0.417
Q354,JOINS,0.56
Q355,NORMALIZATION,0.531
Q356,HAVING,0.455
Q357,INNER JOIN,0.447
Q358,INNER JOIN,0.377
Q359,UNION,0.42
Q360,PRIMARY KEY,0.348
Q361,GROUP BY,0.457
Q362,RIGHT JOIN,0.6
Q363,NORMALIZATION,0.675
Q364,WHERE,0.339
Q365,LEFT JOIN,0.529
Q366,TRIGGERS,0.664
Q367,HAVING,0.509
Q368,WHERE,0.261
Q369,PRIMARY KEY,0.283
Q370,SELECT,0.152
Q371,JOINS,0.51
Q372,INDEXING,0.498
Q373,AGGREGATE FUNCTIONS,0.326
Q374,RIGHT JOIN,0.474
Q375,TRIGGERS,0.555
Q376,HAVING,0.695
Q377,JOINS,0.519
Q378,AGGREGATE FUNCTIONS,0.56
Q379,JOINS,0.693
Q380,JOINS,0.601
Q381,WHERE,0.339
Q382,LEFT JOIN,0.543
Q383,PRIMARY KEY,0.392
Q384,JOINS,0.69
Q385,GROUP BY,0.478
Q386,SELECT,0.334
Q387,UNION,0.384
Q388,FOREIGN KEY,0.322
Q389,HAVING,0.552
Q390,GROUP BY,0.446
Q391,ORDER BY,0.213
Q392,STORED PROCEDURES,0.686
Q393,HAVING,0.419
Q394,UNION,0.411
Q395,LEFT JOIN,0.643
Q396,SELECT,0.185
Q397,RIGHT JOIN,0.678
Q398,AGGREGATE FUNCTIONS,0.442
Q399,JOINS,0.524
Q400,VIEWS,0.655
Q401,UNION,0.473
Q402,AGGREGATE FUNCTIONS,0.582
Q403,UNION,0.464
Q404,SELECT,0.335
Q405,LEFT JOIN,0.648
Q406,HAVING,0.46
Q407,ORDER BY,0.241
Q408,HAVING,0.471
Q409,FOREIGN KEY,0.381
Q410,GROUP BY,0.445
Q411,SUBQUERIES,0.668
Q412,LEFT JOIN,0.536
Q413,LEFT JOIN,0.513
Q414,TRIGGERS,0.737
Q415,SELECT,0.337
Q416,NORMALIZATION,0.673
Q417,VIEWS,0.67
Q418,WHERE,0.336
Q419,LEFT JOIN,0.469
Q420,INNER JOIN,0.385
Q421,JOINS,0.5
Q422,TRIGGERS,0.65
Q423,TRANSACTIONS,0.738
Q424,SELECT,0.283
Q425,INNER JOIN,0.522
Q426,JOINS,0.626
Q427,HAVING,0.634
Q428,SELECT,0.158
Q429,WHERE,0.391
Q430,SUBQUERIES,0.653
Q431,JOINS,0.561
Q432,NORMALIZATION,0.754
Q433,TRANSACTIONS,0.619
Q434,LEFT JOIN,0.445
Q435,NORMALIZATION,0.623
Q436,PRIMARY KEY,0.38
Q437,TRIGGERS,0.758
Q438,GROUP BY,0.565
Q439,HAVING,0.648
Q440,SUBQUERIES,0.653
Q441,JOINS,0.52
Q442,NORMALIZATION,0.586
Q443,AGGREGATE FUNCTIONS,0.346
Q444,PRIMARY KEY,0.235
Q445,STORED PROCEDURES,0.733
Q446,NORMALIZATION,0.718
Q447,AGGREGATE FUNCTIONS,0.58
Q448,GROUP BY,0.626
Q449,HAVING,0.677
Q450,LEFT JOIN,0.595
Q451,VIEWS,0.573
Q452,RIGHT JOIN,0.577
Q453,FOREIGN KEY,0.484
Q454,AGGREGATE FUNCTIONS,0.435
Q455,FOREIGN KEY,0.309
Q456,FOREIGN KEY,0.297
Q457,SELECT,0.367
Q458,TRIGGERS,0.727
Q459,NORMALIZATION,0.516
Q460,RIGHT JOIN,0.512
Q461,RIGHT JOIN,0.484
Q462,TRANSACTIONS,0.661
Q463,AGGREGATE FUNCTIONS,0.577
Q464,INNER JOIN,0.454
Q465,WHERE,0.43
Q466,AGGREGATE FUNCTIONS,0.31
Q467,TRIGGERS,0.624
Q468,INNER JOIN,0.4
Q469,SELECT,0.241
Q470,AGGREGATE FUNCTIONS,0.49
Q471,STORED PROCEDURES,0.749
Q472,INNER JOIN,0.643
Q473,RIGHT JOIN,0.495
Q474,LEFT JOIN,0.551
Q475,SELECT,0.227
Q476,TRIGGERS,0.613
Q477,TRIGGERS,0.655
Q478,VIEWS,0.411
Q479,INDEXING,0.619
Q480,STORED PROCEDURES,0.638
Q481,TRIGGERS,0.686
Q482,WHERE,0.334
Q483,VIEWS,0.52
Q484,JOINS,0.63
Q485,GROUP BY,0.405
Q486,INNER JOIN,0.576
Q487,SUBQUERIES,0.631
Q488,FOREIGN KEY,0.382
Q489,SELECT,0.156
Q490,STORED PROCEDURES,0.81
Q491,LEFT JOIN,0.408
Q492,ORDER BY,0.258
Q493,LEFT JOIN,0.431
Q494,NORMALIZATION,0.671
Q495,TRIGGERS,0.746
Q496,NORMALIZATION,0.716
Q497,ORDER BY,0.261
Q498,FOREIGN KEY,0.401
Q499,FOREIGN KEY,0.458
Q500,GROUP BY,0.633
